title,content
The Art of Slow Cooking: Rediscovering Traditional Flavors,"Slow cooking is an ancient culinary method that has recently gained renewed appreciation in modern kitchens. The technique involves cooking food at low temperatures over extended periods, allowing ingredients to release their natural flavors gradually. This process enhances the richness of dishes and promotes tender textures that fast cooking often fails to achieve.

Beyond its culinary benefits, slow cooking reflects a deeper philosophy about patience and respect for ingredients. It encourages home cooks to reconnect with traditional methods once used by earlier generations who relied on time and simplicity. Such an approach results in meals that are not only delicious but also carry a sense of cultural continuity.

Modern slow cookers and crockpots have simplified this process, making it accessible to busy households. These tools preserve nutrients while eliminating the need for constant supervision, allowing for a balanced blend of convenience and authenticity.

Moreover, the method reduces food waste by making even tougher cuts of meat tender and flavorful. It exemplifies a sustainable culinary practice that values every ingredient used.

Ultimately, slow cooking is not just a method—it’s a mindful practice that reminds us that good food, much like good living, takes time."
Plant-Based Cuisine: A Modern Approach to Healthy Living,"Plant-based diets have become a defining trend in the global food industry, driven by increasing awareness of health, environmental, and ethical concerns. They emphasize whole, unprocessed foods derived from plants, including fruits, vegetables, grains, legumes, and nuts.

Nutritionally, plant-based eating offers numerous benefits. It provides essential vitamins, minerals, fiber, and antioxidants while reducing saturated fat intake. Studies consistently link such diets to lower risks of heart disease, obesity, and certain cancers.

From a sustainability perspective, plant-based cuisine requires fewer natural resources than animal-based diets. This shift supports global efforts to reduce carbon emissions and promote ecological balance.

Culinary innovation has also played a significant role, with chefs around the world developing creative plant-based alternatives that mimic traditional flavors and textures.

Adopting a plant-based lifestyle is therefore not just a dietary choice but a holistic commitment to personal health and environmental responsibility."
Exploring Global Street Foods and Their Cultural Significanc,"Street food represents the most authentic reflection of a region’s culinary identity. From Mexico’s tacos to India’s chaat and Thailand’s pad thai, street foods tell stories of migration, tradition, and adaptation.

Historically, street vendors have catered to travelers, workers, and locals alike, creating dishes that are quick, affordable, and deeply flavorful. Over time, these foods have become cultural ambassadors that transcend borders.

The rise of food tourism has further elevated street cuisine, transforming it into an art form appreciated by global audiences. Culinary travelers now seek out these experiences to understand a region’s social fabric and communal values.

Moreover, street food supports local economies by empowering small-scale vendors and preserving culinary heritage.

In essence, global street foods serve as bridges connecting communities, illustrating that food is not merely sustenance—it is a shared language of humanity."
The Science Behind Perfect Baking Techniques,"Baking is often described as a blend of art and science, requiring precision, timing, and chemical understanding. The transformation of simple ingredients such as flour, eggs, and sugar into cakes or bread involves complex biochemical reactions.

Key scientific principles—such as gluten formation, leavening, and caramelization—govern the structure and taste of baked goods. Each variable, from temperature to mixing time, influences the final product’s texture and flavor.

Accurate measurement of ingredients is essential, as even minor deviations can lead to inconsistent results. Professional bakers often rely on weight measurements rather than volume for precision.

The science extends beyond technique; it reflects creativity guided by control. Modern baking incorporates digital thermometers, convection ovens, and ingredient substitutes to achieve perfection with consistency.

Thus, successful baking is an educational experience—where scientific understanding transforms everyday cooking into a precise culinary craft."
Fusion Cooking: When Cultures Meet in the Kitchen,"Fusion cuisine symbolizes the global interconnectedness of cultures through food. It combines elements from different culinary traditions, creating innovative dishes that challenge traditional boundaries.

This trend gained popularity with globalization, as ingredients and techniques traveled across continents. Today, fusion dishes like sushi burritos, tandoori tacos, and kimchi pasta exemplify the creative spirit of modern gastronomy.

Beyond creativity, fusion cooking fosters cultural appreciation and collaboration. It allows chefs to experiment with flavor profiles while respecting the origins of each component.

However, authenticity remains a crucial consideration; successful fusion cooking maintains the integrity of original cuisines while achieving harmony in new combinations.

Ultimately, fusion cuisine is not merely a trend but a reflection of humanity’s shared curiosity and openness to culinary evolution."
The Rise of Farm-to-Table Dining in Modern Society,"The farm-to-table movement emphasizes a direct connection between producers and consumers, promoting transparency and sustainability. It encourages sourcing ingredients locally to reduce transportation emissions and ensure freshness.

This approach supports small farmers, enhances community resilience, and fosters ethical food systems. Restaurants adopting farm-to-table principles prioritize seasonal menus and responsible farming partnerships.

For consumers, it offers the assurance of nutrient-rich produce and a deeper understanding of where their food originates. It also reduces dependency on mass production, which often compromises quality.

The movement has evolved into a global philosophy that integrates environmental stewardship with culinary excellence.

Farm-to-table dining, therefore, represents not only a gastronomic shift but also a moral and ecological awakening in modern food culture."
Mindful Eating: Building a Conscious Relationship with Food,"Mindful eating is a practice rooted in awareness, encouraging individuals to experience food through all senses. It shifts focus from quantity to quality, promoting healthier eating patterns and mental well-being.

This concept draws inspiration from mindfulness meditation, emphasizing gratitude and attentiveness during meals. By eating slowly, individuals can better recognize hunger cues and avoid emotional or excessive eating.

Research shows that mindful eating reduces stress, improves digestion, and fosters a positive relationship with food. It empowers people to make thoughtful choices aligned with both health and sustainability.

In an age of fast-paced living, this practice offers balance and introspection, reconnecting people with the joy of nourishment.

Ultimately, mindful eating transforms a simple meal into a meaningful ritual of self-care and awareness."
The Evolution of Spices and Their Role in Culinary Heritage,"Spices have shaped human history, influencing trade, exploration, and cultural exchange for centuries. From the Silk Road to colonial trade routes, spices were once considered more valuable than gold.

Beyond their economic value, spices carry symbolic and medicinal importance in many traditions. They preserve food, enhance flavor, and connect culinary practices to heritage.

Modern gastronomy continues to celebrate spices not merely as ingredients but as storytellers of civilization. Regions like India, Morocco, and Indonesia have built entire culinary identities around spice combinations.

Advances in global trade and agriculture now allow spices to be accessible worldwide, encouraging experimentation and cultural fusion.

Thus, the evolution of spices is both a historical and culinary journey that continues to enrich global cuisines."
Home Fermentation: A Return to Ancient Food Preservation,"Fermentation is one of the oldest food preservation methods, deeply rooted in tradition and sustainability. It relies on beneficial microorganisms to transform food, improving its flavor, digestibility, and nutritional value.

Classic examples include yogurt, kimchi, sauerkraut, and kombucha—all of which are now celebrated for their probiotic benefits.

Home fermentation has experienced a resurgence as individuals seek natural, chemical-free methods of preparing food. It also reflects an increasing interest in self-sufficiency and traditional craftsmanship.

Scientifically, fermentation fosters a symbiotic relationship between humans and microorganisms, demonstrating nature’s ability to sustain balance and renewal.

The practice not only preserves food but also preserves heritage, bridging modern science with ancestral wisdom."
Balancing Nutrition and Flavor in Everyday Meals,"The pursuit of balanced nutrition often raises the misconception that healthy food must lack flavor. However, culinary science proves that taste and health can coexist harmoniously through thoughtful ingredient selection.

Combining colorful vegetables, lean proteins, and whole grains ensures a nutrient-dense plate while providing sensory satisfaction. Herbs and natural seasonings enhance flavor without adding unnecessary fats or sugars.

Educating individuals about portion control and mindful cooking practices can transform everyday meals into wholesome experiences.

In modern households, quick yet nutritious recipes are increasingly popular as people seek both convenience and well-being.

Ultimately, balancing nutrition and flavor is not about compromise—it’s about rediscovering harmony in the art of eating well."
